"Question","Answer"
"What is dropshipping?","Dropshipping is a retail fulfillment method where a store doesn't keep the products it sells in stock. Instead, the store purchases the item from a third party and has it shipped directly to the customer."
"How does dropshipping work?","When a store sells a product using the dropshipping model, it purchases the item from a third-party supplier, who then ships it directly to the customer."
"Do I need to keep inventory in dropshipping?","No, in dropshipping you don't need to keep any inventory. The supplier handles all storage and shipping."
"How do I find suppliers for dropshipping?","You can find suppliers through online directories, dropshipping platforms like AliExpress, or by contacting manufacturers directly."
"What are the advantages of dropshipping?","Advantages include low startup costs, no need for inventory management, and the ability to offer a wide range of products."
"What are the disadvantages of dropshipping?","Disadvantages include lower profit margins, reliance on suppliers, and potential shipping delays."
"Is dropshipping legal?","Yes, dropshipping is a legal business model, but you must comply with all relevant laws and regulations."
"Do I need a business license to start dropshipping?","In most cases, yes, you'll need a business license to legally operate a dropshipping business."
"Can I dropship on Amazon?","Yes, you can dropship on Amazon, but you must follow their dropshipping policy, which includes being the seller of record for your products."
"Can I dropship on eBay?","Yes, eBay allows dropshipping, but you must ensure that your products are delivered within the promised delivery time."
"What is the average profit margin in dropshipping?","Profit margins in dropshipping typically range from 10% to 30%, depending on the product and supplier."
"How do I price my products in dropshipping?","You should consider your supplier cost, shipping fees, and desired profit margin when pricing your products."
"What is the best platform to start a dropshipping business?","Popular platforms include Shopify, WooCommerce, and BigCommerce, which integrate well with dropshipping apps and suppliers."
"Can I do dropshipping part-time?","Yes, dropshipping can be done part-time, making it a flexible option for entrepreneurs."
"What is the best niche for dropshipping?","The best niche is one that has high demand, low competition, and aligns with your interests or expertise."
"How do I market my dropshipping store?","You can use social media marketing, search engine optimization (SEO), paid ads, and influencer partnerships to promote your store."
"What are the risks of dropshipping?","Risks include supplier issues, low profit margins, intense competition, and potential legal challenges."
"Can I sell branded products in dropshipping?","Yes, but you'll need to obtain permission from the brand owner or distributor to sell their products."
"How do I handle returns in dropshipping?","Returns are usually handled by your supplier, but you may need to coordinate with the customer to ensure a smooth process."
"Can I dropship internationally?","Yes, you can dropship internationally, but you need to consider shipping costs, customs regulations, and delivery times."
"What payment methods can I offer in my dropshipping store?","Common payment methods include credit/debit cards, PayPal, and other online payment gateways like Stripe."
"How do I deal with customer service in dropshipping?","You are responsible for customer service, so ensure you have a system in place to handle inquiries, complaints, and returns."
"Can I automate my dropshipping business?","Yes, many aspects of dropshipping can be automated using tools for order processing, inventory management, and marketing."
"How do I choose a reliable dropshipping supplier?","Look for suppliers with good reviews, a track record of timely delivery, and clear communication."
"How long does it take to ship products in dropshipping?","Shipping times vary depending on the supplier's location and shipping method, ranging from a few days to several weeks."
"What is a dropshipping app?","A dropshipping app is a tool that connects your online store to suppliers, automating tasks like order fulfillment and inventory updates."
"How do I handle out-of-stock products in dropshipping?","Communicate with your supplier to check availability regularly, and update your store to reflect current stock levels."
"What is the cost to start a dropshipping business?","Startup costs can range from a few hundred to a few thousand dollars, depending on the platform and marketing strategy."
"Can I dropship from multiple suppliers?","Yes, but coordinating orders and ensuring consistent shipping times can be challenging."
"What is AliExpress Dropshipping?","AliExpress Dropshipping is a popular method where you source products from AliExpress suppliers and sell them on your online store."
"How do I avoid scams in dropshipping?","Avoid scams by thoroughly researching suppliers, reading reviews, and using secure payment methods."
"What is the best way to accept payments in a dropshipping store?","The best way is to use secure, reliable payment gateways like PayPal, Stripe, or credit card processors."
"Do I need a website for dropshipping?","Yes, having your own website gives you more control over your business and customer experience."
"How do I set up shipping rates for dropshipping?","Set up shipping rates based on your supplier's costs, shipping method, and your pricing strategy."
"How do I handle taxes in dropshipping?","Consult with a tax professional to understand your tax obligations, including sales tax and income tax."
"What is Oberlo?","Oberlo is a dropshipping app that allows you to easily import products from AliExpress into your Shopify store."
"Can I use social media for dropshipping?","Yes, social media is a powerful tool for marketing your dropshipping products and engaging with customers."
"How do I manage inventory in dropshipping?","Inventory management is handled by the supplier, but you need to ensure your store reflects accurate stock levels."
"What are the shipping options for dropshipping?","Shipping options depend on your supplier and can range from standard shipping to expedited or express shipping."
"How do I track orders in dropshipping?","Most suppliers provide tracking information that you can pass on to your customers."
"Can I offer free shipping in dropshipping?","Yes, you can offer free shipping, but you'll need to factor the shipping cost into your product pricing."
"What are the payment terms with suppliers in dropshipping?","Payment terms vary; some suppliers require payment upfront, while others may offer credit terms."
"How do I choose products to dropship?","Choose products that have high demand, low competition, and align with your target market."
"Can I use multiple dropshipping apps?","Yes, you can use multiple apps, but make sure they integrate well with your store and each other."
"How do I create a brand in dropshipping?","You can create a brand by customizing your store, offering unique products, and providing excellent customer service."
"How do I deal with shipping delays in dropshipping?","Communicate delays to customers promptly and work with suppliers to resolve any issues quickly."
"What is the difference between dropshipping and traditional retail?","In traditional retail, you hold inventory and manage logistics. In dropshipping, the supplier handles inventory and shipping."
"How do I handle customer complaints in dropshipping?","Address complaints professionally, offer solutions such as refunds or replacements, and work to improve future customer experiences."
"What is Shopify dropshipping?","Shopify dropshipping involves using Shopify to create an online store and integrating it with dropshipping apps to source and sell products."
"Can I use dropshipping for seasonal products?","Yes, dropshipping is flexible enough to accommodate seasonal products, allowing you to adjust your inventory easily."
"How do I scale a dropshipping business?","You can scale by expanding your product range, optimizing your marketing efforts, and automating more of your operations."
"What is the future of dropshipping?","The future of dropshipping looks promising with the continued growth of e-commerce, but it will require staying ahead of trends and maintaining high customer satisfaction."
